T_K,k_rel,model
250,2.061153622438558e-09,Arrhenius
300,5.777748519419133e-08,Arrhenius
600,0.00024036947641951407,Arrhenius
