theta,vx,vy,norm_before,norm_after
0.000,3.000,4.000,5.000000,5.000000
0.500,3.000,4.000,5.000000,5.000000
1.000,3.000,4.000,5.000000,5.000000
1.500,3.000,4.000,5.000000,5.000000
2.000,3.000,4.000,5.000000,5.000000
